area_fips,county,state,population,pct_uninsured_total,pct_uninsured_138_400_poverty,pct_uninsured_age_50_up,september_employment_selected_industries,total_qtrly_wages_selected_industries,september_employment_all_industries,total_qtrly_wages_all_industries,september_jobs_per_thousand_selected_industries,total_qtrly_wages_lc_selected_industries,september_employment_lq_selected_industries,total_qtrly_wages_lq_selected_industries
01003,Baldwin County,Alabama,208107,11.3,12.9,10.5,16177,101710063,75855,732242468,213,0.14,1.72,2.19
01045,Dale County,Alabama,49255,9.7,9.3,9.9,2173,22351658,17256,242294653,126,0.09,1.01,1.45
01051,Elmore County,Alabama,81212,8.7,9.2,7.9,3259,14406708,19775,178343714,165,0.08,1.33,1.27
01077,Lauderdale County,Alabama,92585,11.3,11.5,9.2,4631,19300544,29594,262860805,156,0.07,1.26,1.16
01081,Lee County,Alabama,159287,10.4,10,8.9,9810,39437986,61262,590365069,160,0.07,1.29,1.05
02020,Anchorage Municipality,Alaska,296112,12.7,18.5,9.8,24602,227813739,150786,2231299453,163,0.1,1.31,1.61
02060,Bristol Bay Borough,Alaska,890,17.4,24.1,14.6,283,4490210,1399,39525453,202,0.11,1.63,1.79
02068,Denali Borough,Alaska,2232,14,19.9,11.7,2279,24576758,3164,39413543,720,0.62,5.8,9.83
02090,Fairbanks North Star Borough,Alaska,99653,13.2,17.6,10.6,5656,42265783,38104,534874010,148,0.08,1.2,1.25
02110,Juneau City and Borough,Alaska,32330,13.4,19.7,10.2,3719,37155383,18682,253358341,199,0.15,1.6,2.31
02122,Kenai Peninsula Borough,Alaska,58220,16,21.2,12.3,4074,39746113,20919,270370323,195,0.15,1.57,2.32
02130,Ketchikan Gateway Borough,Alaska,13804,17.2,21.9,13.8,2178,22713645,8378,101947875,260,0.22,2.1,3.51
02164,Lake and Peninsula Borough,Alaska,1375,25.3,28.2,26,372,6088610,1058,15054177,352,0.4,2.83,6.38
02170,Matanuska-Susitna Borough,Alaska,103464,14.8,19.5,12.5,4354,30608557,25445,285833682,171,0.11,1.38,1.69
02220,Sitka City and Borough,Alaska,8738,18.3,24.1,14.4,866,11089363,4701,64137962,184,0.17,1.48,2.73
02230,Skagway Municipality,Alaska,1061,14.1,18.8,13.7,641,6967663,1428,16628186,449,0.42,3.62,6.61
02261,Valdez-Cordova Census Area,Alaska,9301,14.9,19.8,14,1042,13475030,5740,90989357,182,0.15,1.46,2.34
04005,Coconino County,Arizona,140217,13.1,14.8,11.4,17006,107851381,64542,718424947,263,0.15,2.12,2.37
04015,Mohave County,Arizona,206064,13.4,14,10.6,7806,42321846,51255,492977425,152,0.09,1.23,1.35
04017,Navajo County,Arizona,108705,15.1,16.5,15.9,4116,20950007,27601,271288152,149,0.08,1.2,1.22
04019,Pima County,Arizona,1019722,10.9,12.3,9.1,47739,276492982,375829,4495738139,127,0.06,1.02,0.97
04023,Santa Cruz County,Arizona,46584,14,13.5,14.1,1915,11824871,12757,162014594,150,0.07,1.21,1.15
04025,Yavapai County,Arizona,224645,12.9,14.1,11.4,11059,62665853,65676,660578294,168,0.09,1.36,1.5
05035,Crittenden County,Arkansas,49013,8,8.6,7.4,2940,16325649,16602,149545830,177,0.11,1.43,1.72
05045,Faulkner County,Arkansas,122416,8,8.7,5.9,5594,23937093,41675,413002558,134,0.06,1.08,0.91
05085,Lonoke County,Arkansas,72206,7.1,8.2,5.8,2130,8920875,13690,116395672,156,0.08,1.25,1.21
05091,Miller County,Arkansas,43759,8.1,8.9,6.3,1706,8520090,13466,127312979,127,0.07,1.02,1.06
05143,Washington County,Arkansas,228529,12.4,14,9.4,14593,71365692,110761,1244435076,132,0.06,1.06,0.9
06009,Calaveras County,California,45235,7.3,8.7,6.6,1550,8759988,10131,103687777,153,0.08,1.23,1.33
06017,El Dorado County,California,186661,5.4,7.9,4.5,9610,64840245,58405,734116873,165,0.09,1.33,1.39
06027,Inyo County,California,18085,9,10.5,7.1,1728,11591649,7940,88443507,218,0.13,1.75,2.07
06037,Los Angeles County,California,10098052,10.1,12.6,9.6,655032,7136783982,4499378,71218444795,146,0.1,1.17,1.58
06041,Marin County,California,260295,5.4,11.1,4.3,16735,130798187,116531,2008417099,144,0.07,1.16,1.03
06051,Mono County,California,14174,10,11.6,7.3,3360,27989599,7296,79324989,461,0.35,3.71,5.56
06053,Monterey County,California,433212,11.5,13.7,9,27330,222517601,214085,2600761094,128,0.09,1.03,1.35
06057,Nevada County,California,99092,7,8.8,6.5,5118,33918476,31697,377521333,161,0.09,1.3,1.42
06059,Orange County,California,3164182,8.3,11.9,7.7,237524,1735519590,1649219,25735392621,144,0.07,1.16,1.06
06061,Placer County,California,380077,4.3,6.6,3.8,24358,160842318,173086,2478956659,141,0.06,1.13,1.02
06065,Riverside County,California,2383286,8.9,10.5,8.9,99413,593954598,756034,8638805321,131,0.07,1.06,1.08
06073,San Diego County,California,3302833,8.4,11.2,7.7,218351,1656600131,1490221,23098043417,147,0.07,1.18,1.13
06075,San Francisco County,California,870044,5,8.9,3.9,117890,2272660090,765245,22560788525,154,0.1,1.24,1.59
06079,San Luis Obispo County,California,281455,7.3,9.5,5.4,20518,122938099,119572,1461709427,172,0.08,1.38,1.33
06081,San Mateo County,California,765935,5.4,10.1,4.6,66481,767838082,419103,12892999757,159,0.06,1.28,0.94
06083,Santa Barbara County,California,443738,10.5,13.2,7.5,29781,203012187,209271,2812047956,142,0.07,1.15,1.14
06087,Santa Cruz County,California,273765,7.4,9.8,6.3,15109,103554349,109559,1423201660,138,0.07,1.11,1.15
06097,Sonoma County,California,501317,7.6,10.4,5.5,27125,186372927,215187,3017187717,126,0.06,1.02,0.97
06109,Tuolumne County,California,53932,6.4,7.6,6.1,2644,16322324,17892,203805417,148,0.08,1.19,1.26
08031,Denver County,Colorado,693417,10.7,14.9,8.9,89392,1049470311,533201,9492708165,168,0.11,1.35,1.74
08035,Douglas County,Colorado,328614,3.8,7.6,3.4,17081,106720859,130923,2126545405,130,0.05,1.05,0.79
08037,Eagle County,Colorado,54357,12.2,17.1,7.5,10754,105896728,33012,412561873,326,0.26,2.63,4.05
08041,El Paso County,Colorado,688153,7.6,9.8,6.1,39633,234486944,284952,3708631629,139,0.06,1.12,1
08045,Garfield County,Colorado,58538,13.8,16.9,10.9,4063,28240294,26477,341195537,153,0.08,1.24,1.31
08051,Gunnison County,Colorado,16537,10.5,12.6,8.1,2364,17982255,8907,93724385,265,0.19,2.14,3.03
08067,La Plata County,Colorado,55101,11.6,15,10.6,4544,28759861,26553,309255935,171,0.09,1.38,1.47
08069,Larimer County,Colorado,338161,7.4,10,6,23356,138671115,167340,2219563252,140,0.06,1.12,0.99
08077,Mesa County,Colorado,149998,9.5,11.5,8.1,9186,52302738,64344,740780941,143,0.07,1.15,1.11
08097,Pitkin County,Colorado,17909,12.3,19.4,7.5,5777,65685757,15877,219667683,364,0.3,2.93,4.72
08107,Routt County,Colorado,24874,8.5,11.6,7,3523,27180953,14995,179238392,235,0.15,1.89,2.39
08119,Teller County,Colorado,24113,8.2,10.3,7.4,2361,16952411,7579,78014212,312,0.22,2.51,3.43
09011,New London County,Connecticut,268881,5,7.3,4.5,16659,105228998,122904,1668900195,136,0.06,1.09,0.99
10005,Sussex County,Delaware,219540,7.2,8.6,4.8,17498,119175458,86100,903179060,203,0.13,1.64,2.08
12005,Bay County,Florida,182482,14.8,16.7,12.3,13556,90372316,74725,793823037,181,0.11,1.46,1.8
12009,Brevard County,Florida,576808,13,15,12.4,29774,183616273,221776,2768586629,134,0.07,1.08,1.05
12011,Broward County,Florida,1909151,16.9,19.4,16.2,113452,895581502,819355,10612607051,138,0.08,1.12,1.33
12015,Charlotte County,Florida,176954,17.1,18.5,15.5,7840,45084694,47750,465801827,164,0.1,1.32,1.53
12017,Citrus County,Florida,143087,15.4,15.7,14.3,4574,21270989,32203,299296718,142,0.07,1.14,1.12
12021,Collier County,Florida,363922,22.8,28,16.5,27700,209854405,145782,1727164703,190,0.12,1.53,1.92
12031,Duval County,Florida,924229,13.2,15.3,12.5,68814,490954052,525212,6838254226,131,0.07,1.06,1.13
12033,Escambia County,Florida,311522,11.4,12.7,10.3,19592,111310463,137918,1532897630,142,0.07,1.14,1.15
12035,Flagler County,Florida,107139,14.7,15.3,13.1,4326,22627175,24047,206656202,180,0.11,1.45,1.73
12061,Indian River County,Florida,150984,16.9,19.4,13.3,7734,46756070,52297,545281852,148,0.09,1.19,1.35
12069,Lake County,Florida,335362,15.5,17.2,14.1,14642,72129536,101288,960410176,145,0.08,1.17,1.18
12071,Lee County,Florida,718679,18.6,21.2,15.2,41567,258208495,264337,2912197513,157,0.09,1.27,1.4
12073,Leon County,Florida,288102,10.8,12.1,8.8,19921,81755351,152885,1765747593,130,0.05,1.05,0.73
12081,Manatee County,Florida,373853,16.1,18.9,13.9,20405,138281071,128034,1382835319,159,0.1,1.28,1.58
12085,Martin County,Florida,157581,17,21.4,13,10570,65581406,68391,714793078,155,0.09,1.25,1.45
12086,Miami-Dade County,Florida,2715516,20,21.4,21,197349,2057401422,1157209,15561697230,171,0.13,1.37,2.09
12087,Monroe County,Florida,76325,20.3,24,16.4,14954,129955512,40374,438310664,370,0.3,2.99,4.68
12091,Okaloosa County,Florida,200737,13.5,15.6,12.3,15614,98938756,85664,1000730624,182,0.1,1.47,1.56
12095,Orange County,Florida,1321194,15.7,17.5,12.8,235233,1903624642,868533,10762125743,271,0.18,2.18,2.79
12097,Osceola County,Florida,338619,16.2,15.9,16.7,21175,125948677,99833,927778247,212,0.14,1.71,2.14
12099,Palm Beach County,Florida,1446277,17.4,21.2,14.8,89088,615317460,606613,7933360836,147,0.08,1.18,1.22
12101,Pasco County,Florida,510593,14.9,16.5,15,16495,75359542,122676,1206366614,134,0.06,1.08,0.99
12103,Pinellas County,Florida,957875,14.3,17,12.7,61164,398736963,438378,5274022528,140,0.08,1.12,1.19
12109,St. Johns County,Florida,235503,10.6,15,9.4,15933,100224731,78987,864964186,202,0.12,1.63,1.83
12115,Sarasota County,Florida,412144,16.3,19.5,13.1,24156,156726237,169540,1969867477,142,0.08,1.15,1.25
12127,Volusia County,Florida,527634,14.6,15.8,13.4,28717,156034266,173536,1705284948,165,0.09,1.33,1.44
13015,Bartow County,Georgia,103620,17.9,18.9,15.8,5190,28906429,40892,451856358,127,0.06,1.02,1.01
13051,Chatham County,Georgia,287049,16.2,17.7,13.2,30621,195971745,156776,1865673067,195,0.11,1.57,1.66
13057,Cherokee County,Georgia,241910,12.8,16.7,12,9925,46821280,65810,712307162,151,0.07,1.22,1.04
13063,Clayton County,Georgia,278666,18.8,17.7,17,16769,124851190,123565,1769680331,136,0.07,1.09,1.11
13073,Columbia County,Georgia,147295,11.3,14,9.2,5256,21172238,36227,353101856,145,0.06,1.17,0.95
13113,Fayette County,Georgia,111369,10.5,15.1,8.6,7157,35215346,45363,519481901,158,0.07,1.27,1.07
13121,Fulton County,Georgia,1021902,13,16.9,10.8,113268,933070856,900140,16654167752,126,0.06,1.01,0.88
13151,Henry County,Georgia,221307,12.8,14.1,11.7,10188,46583992,66287,663650471,154,0.07,1.24,1.11
13215,Muscogee County,Georgia,196670,13.5,13.8,13.9,12379,55911735,93603,1033168470,132,0.05,1.07,0.85
13223,Paulding County,Georgia,155840,12.8,14.2,12.2,4024,16628329,25555,243308955,157,0.07,1.27,1.08
13245,Richmond County,Georgia,201463,14.2,14.9,12.4,13055,66424030,104515,1245420709,125,0.05,1.01,0.84
13311,White County,Georgia,28928,17.2,17.5,14.7,1897,9449023,9325,73124424,203,0.13,1.64,2.04
15001,Hawaii County,Hawaii,197658,6.4,6.9,5.8,16462,149139258,72395,815794795,227,0.18,1.83,2.88
15003,Honolulu County,Hawaii,987638,4.1,5.5,3.7,92766,903998171,465840,6358786441,199,0.14,1.6,2.24
15009,Maui County,Hawaii,165281,5.4,6.5,4.4,28861,303786078,80020,943109898,361,0.32,2.91,5.08
16001,Ada County,Idaho,446052,8.7,10.8,9.1,31940,174614030,254777,3216883451,125,0.05,1.01,0.86
16013,Blaine County,Idaho,21994,17.7,21.8,13.4,3285,25910764,12942,145838818,254,0.18,2.05,2.8
16017,Bonner County,Idaho,42711,13.3,14.2,12.1,2234,12522138,14736,141659241,152,0.09,1.22,1.39
16037,Custer County,Idaho,4141,13.8,13.8,12.8,518,3437733,1735,15167315,299,0.23,2.41,3.57
16055,Kootenai County,Idaho,153605,10.1,11.6,10.8,10658,60237774,65225,663961938,163,0.09,1.32,1.43
16057,Latah County,Idaho,39239,9.3,9,8.1,2090,7090949,14204,127892623,147,0.06,1.19,0.87
16059,Lemhi County,Idaho,7798,12.4,12,12.7,433,2405100,2715,27050601,159,0.09,1.29,1.4
16079,Shoshone County,Idaho,12526,13.6,14,13.2,689,3141292,4529,42477045,152,0.07,1.23,1.17
16081,Teton County,Idaho,11080,16.5,17.3,14.8,820,6022676,3880,37875086,211,0.16,1.7,2.51
16085,Valley County,Idaho,10401,11.8,13,11.8,1472,10220411,5145,53648644,286,0.19,2.31,3
17019,Champaign County,Illinois,209448,6.1,7,5,11950,52773501,91823,1114323485,130,0.05,1.05,0.75
17031,Cook County,Illinois,5223719,10,13.2,9.3,369758,3571363923,2617802,42167274743,141,0.08,1.14,1.34
17093,Kendall County,Illinois,124626,5.3,7.8,4.9,3995,17703291,29053,293720131,138,0.06,1.11,0.95
17119,Madison County,Illinois,265670,4.9,6.3,4.9,15599,78543499,103182,1110640741,151,0.07,1.22,1.12
17163,St. Clair County,Illinois,263463,6.2,7.9,5.6,13664,72119636,92668,1033648761,147,0.07,1.19,1.1
18019,Clark County,Indiana,115702,8.6,9.9,6.6,6844,31717444,54277,570329633,126,0.06,1.02,0.88
18057,Hamilton County,Indiana,316095,6.1,10.6,4.6,19713,102162690,143879,1928829687,137,0.05,1.1,0.84
18061,Harrison County,Indiana,39712,8.2,9.2,6.7,2275,14526400,10263,90404099,222,0.16,1.79,2.53
18081,Johnson County,Indiana,151564,7.9,10,5.8,7760,34726625,55960,559029949,139,0.06,1.12,0.98
18089,Lake County,Indiana,486849,9.7,11.4,6.8,25979,135638963,189361,2267674132,137,0.06,1.11,0.94
18091,LaPorte County,Indiana,110552,8.8,9.8,6.6,5588,28600335,40582,408913991,138,0.07,1.11,1.1
19119,Lyon County,Iowa,11769,6.3,7.4,4.4,666,4455879,4610,43577012,144,0.1,1.16,1.61
19155,Pottawattamie County,Iowa,93503,5.6,6.8,4.6,7088,45912882,39992,441025795,177,0.1,1.43,1.64
19163,Scott County,Iowa,172288,5,6.6,3.7,11870,53663189,91739,1067280469,129,0.05,1.04,0.79
20161,Riley County,Kansas,75296,9,8.5,6.7,4454,16096404,29542,280043780,151,0.06,1.22,0.91
21015,Boone County,Kentucky,129095,4.2,5.8,3.1,14135,131350683,94928,1122892163,149,0.12,1.2,1.84
21067,Fayette County,Kentucky,318734,7.4,8.7,5.1,25655,137259831,196644,2369671995,130,0.06,1.05,0.91
21117,Kenton County,Kentucky,164688,5.8,7.4,4.1,9740,75911207,68476,934238593,142,0.08,1.15,1.28
22015,Bossier Parish,Louisiana,126131,8.7,9.9,8.7,9428,51099544,44205,457643049,213,0.11,1.72,1.76
22019,Calcasieu Parish,Louisiana,200182,8.8,10.4,7.4,15689,100964982,100773,1283614688,156,0.08,1.25,1.24
22051,Jefferson Parish,Louisiana,435300,11.6,13.6,9.3,30182,302501506,188037,2316843173,161,0.13,1.29,2.06
22055,Lafayette Parish,Louisiana,240091,10.1,12.3,9.7,16401,79051148,130567,1563348841,126,0.05,1.01,0.8
22057,Lafourche Parish,Louisiana,98214,11.9,14,11.2,8997,130307137,34775,443677732,259,0.29,2.09,4.63
22061,Lincoln Parish,Louisiana,47356,9.7,9.8,7.7,2767,9842569,19166,171582533,144,0.06,1.16,0.9
22071,Orleans Parish,Louisiana,389648,9.9,11.4,8.5,52815,363795722,199208,2546846171,265,0.14,2.14,2.25
22075,Plaquemines Parish,Louisiana,23373,11.7,13.5,10.1,2586,37427851,11984,191729681,216,0.2,1.74,3.08
22101,St. Mary Parish,Louisiana,51734,10.6,11.2,11.8,2857,29300630,21356,263188187,134,0.11,1.08,1.76
22103,St. Tammany Parish,Louisiana,252093,8.9,11.8,8.6,15221,96207598,90013,1054631386,169,0.09,1.36,1.44
22105,Tangipahoa Parish,Louisiana,130504,10.1,11.3,8.4,6006,22250013,44071,395206877,136,0.06,1.1,0.89
22109,Terrebonne Parish,Louisiana,112587,12,13.8,11.8,6785,56124345,50008,643278838,136,0.09,1.09,1.38
23009,Hancock County,Maine,54541,11.8,13.6,10.9,5776,47317450,24942,253085089,232,0.19,1.87,2.95
23013,Knox County,Maine,39823,11.7,13.3,9.1,2790,20925933,17919,190803950,156,0.11,1.25,1.73
23017,Oxford County,Maine,57325,11.3,12.1,10.3,2764,18780300,16764,163049209,165,0.12,1.33,1.82
23031,York County,Maine,203102,8.6,11.2,7.2,14412,109911061,76979,889310393,187,0.12,1.51,1.95
24003,Anne Arundel County,Maryland,567696,5.6,9.4,4,45096,388004670,274854,4099233053,164,0.09,1.32,1.49
24013,Carroll County,Maryland,167522,4.6,7.5,4.2,7556,33931480,57411,642227648,132,0.05,1.06,0.83
24015,Cecil County,Maryland,102517,5.6,7.6,4.6,4766,28311181,34468,413464709,138,0.07,1.11,1.08
24025,Harford County,Maryland,251025,4.7,7.3,4,11884,56860268,94417,1289747595,126,0.04,1.01,0.7
24041,Talbot County,Maryland,37211,8.5,11.7,6,3414,22060621,18854,203171526,181,0.11,1.46,1.71
25001,Barnstable County,Massachusetts,213690,3.5,5,2.9,24260,231981071,102370,1308487016,237,0.18,1.91,2.8
25003,Berkshire County,Massachusetts,127328,3.3,4.4,2.7,9525,69308097,61802,731102717,154,0.09,1.24,1.5
25007,Dukes County,Massachusetts,17313,4.7,6.3,3.7,2898,40239117,10264,148868000,282,0.27,2.28,4.26
25019,Nantucket County,Massachusetts,11101,4.4,6.3,3.1,3168,47493375,9177,147683409,345,0.32,2.78,5.07
25023,Plymouth County,Massachusetts,512135,2.8,4.6,2.5,27838,173055006,197077,2656914894,141,0.07,1.14,1.03
25025,Suffolk County,Massachusetts,791766,4.2,6,3.6,94775,1122256514,700682,16277095658,135,0.07,1.09,1.09
26017,Bay County,Michigan,104786,6.1,7,5,4938,22706150,34902,369227336,141,0.06,1.14,0.97
26021,Berrien County,Michigan,154807,7.3,8.5,5.8,8047,41558526,61782,735394963,130,0.06,1.05,0.89
26029,Charlevoix County,Michigan,26219,6.4,7.3,5.6,2062,18760859,10413,121143417,198,0.15,1.6,2.44
26047,Emmet County,Michigan,33039,7.7,9.3,7.1,4001,29502906,19479,206369227,205,0.14,1.66,2.25
26053,Gogebic County,Michigan,15414,7.8,8,8.1,704,3942486,5087,50304434,138,0.08,1.12,1.24
26055,Grand Traverse County,Michigan,91746,6.3,7.8,5.7,7108,45108373,51725,597746983,137,0.08,1.11,1.19
26093,Livingston County,Michigan,188482,4.1,6.2,3.5,8064,40842607,63497,710951775,127,0.06,1.02,0.91
26097,Mackinac County,Michigan,10817,11.5,12.3,9.8,2441,18168072,5726,49195884,426,0.37,3.44,5.82
26101,Manistee County,Michigan,24444,7.5,8.1,6.9,976,5576010,7407,76266088,132,0.07,1.06,1.15
26103,Marquette County,Michigan,66939,5.7,6.4,4.7,3759,17470934,27117,291905526,139,0.06,1.12,0.94
26121,Muskegon County,Michigan,173043,5.5,6.3,5.1,8056,42535543,62615,660658361,129,0.06,1.04,1.02
26137,Otsego County,Michigan,24397,6,6.7,5.4,1646,8410038,10417,111403085,158,0.08,1.27,1.19
26163,Wayne County,Michigan,1761382,6.8,8,6.1,97766,949757815,736335,10975527374,133,0.09,1.07,1.36
27035,Crow Wing County,Minnesota,63855,5.2,6.4,4.5,4824,27921644,30318,317026233,159,0.09,1.28,1.39
27137,St. Louis County,Minnesota,200080,5.2,6.5,4.9,12573,63534370,98010,1172652021,128,0.05,1.03,0.85
27139,Scott County,Minnesota,143372,3.8,6.4,3.9,8155,47560499,55763,726709615,146,0.07,1.18,1.03
28027,Coahoma County,Mississippi,23802,13.6,12.9,13.1,1059,4892745,7691,61737155,138,0.08,1.11,1.25
28033,DeSoto County,Mississippi,176132,10.4,11.9,10.4,9898,43930591,63523,574165829,156,0.08,1.26,1.21
28045,Hancock County,Mississippi,46653,15.6,15.5,13.9,2755,16098872,13576,166012234,203,0.1,1.64,1.53
28047,Harrison County,Mississippi,202626,15.8,16.4,13.5,24846,152159033,86867,820116620,286,0.19,2.31,2.93
28073,Lamar County,Mississippi,61223,13.1,13.5,11.6,3484,13817228,19394,160577684,180,0.09,1.45,1.36
28087,Lowndes County,Mississippi,59437,14.3,14.5,13,4108,24877766,25723,270551037,160,0.09,1.29,1.45
28089,Madison County,Mississippi,103498,10.6,14,9,7141,32384284,55351,590907316,129,0.05,1.04,0.86
28121,Rankin County,Mississippi,151240,10.7,12.4,10.1,8385,38276135,63338,653827446,132,0.06,1.07,0.92
28151,Washington County,Mississippi,47086,16.2,16,15.1,2176,10461897,16343,145102534,133,0.07,1.07,1.14
29019,Boone County,Missouri,176515,10.1,10.3,7.8,13191,54758772,95201,1093530346,139,0.05,1.12,0.79
29029,Camden County,Missouri,45096,14.3,14.5,12.4,4390,29944122,16887,152963330,260,0.2,2.1,3.09
29047,Clay County,Missouri,239164,8.6,10.7,7.6,15087,85189409,105303,1252529067,143,0.07,1.15,1.07
29095,Jackson County,Missouri,692003,12.6,14.1,10.5,46889,360660968,375571,5198907707,125,0.07,1.01,1.09
29165,Platte County,Missouri,98824,6.6,9.3,5.6,9323,70078643,48301,555201619,193,0.13,1.56,1.99
29183,St. Charles County,Missouri,389985,6.2,8.9,5.8,22866,111599603,153778,1695350985,149,0.07,1.2,1.04
29213,Taney County,Missouri,54720,16.2,15.3,16.3,12057,80797009,29993,241257773,402,0.33,3.24,5.28
30009,Carbon County,Montana,10546,11.7,13.7,9.3,692,3974120,2755,23834266,251,0.17,2.02,2.63
30013,Cascade County,Montana,81746,10.1,11.9,9.8,5347,27715918,35758,376544478,150,0.07,1.21,1.16
30017,Custer County,Montana,11845,9,10.1,7.5,725,3277644,5318,49667954,136,0.07,1.1,1.04
30029,Flathead County,Montana,98082,10.3,12,11,8425,51905943,45067,471752217,187,0.11,1.51,1.74
30031,Gallatin County,Montana,104729,8.2,10.2,8.1,11042,69255697,62117,695629775,178,0.1,1.43,1.57
30053,Lincoln County,Montana,19358,12.9,13.6,11.3,808,3975000,5779,52386086,140,0.08,1.13,1.2
30063,Missoula County,Montana,115983,8.6,10.3,7.6,9134,47617389,62639,666437575,146,0.07,1.18,1.13
30077,Powell County,Montana,6861,10.8,12.1,8.9,349,1901356,2516,24238020,139,0.08,1.12,1.24
30093,Silver Bow County,Montana,34814,9.6,10.6,8.1,2852,12263506,15849,163999664,180,0.07,1.45,1.18
30111,Yellowstone County,Montana,157816,9,11.6,8.1,12473,67244775,82777,984650042,151,0.07,1.21,1.08
32003,Clark County,Nevada,2141574,13.3,15.2,10.9,318335,2972316445,1025875,12636712140,310,0.24,2.5,3.71
32005,Douglas County,Nevada,47828,12.3,15,8.9,6668,56924582,19956,241882774,334,0.24,2.69,3.71
32007,Elko County,Nevada,52252,13.1,17.3,9.2,5960,41440965,22354,295988921,267,0.14,2.15,2.21
32031,Washoe County,Nevada,450486,12.4,15.2,8.5,41549,292673213,227320,2974304491,183,0.1,1.47,1.55
33009,Grafton County,New Hampshire,89811,8.4,11.7,6.9,7054,47535043,54315,807252344,130,0.06,1.05,0.93
33015,Rockingham County,New Hampshire,305129,5.6,9.8,5.3,21755,151633595,153037,2085451639,142,0.07,1.15,1.15
34001,Atlantic County,New Jersey,268539,10.5,13,7.9,42726,368697114,130840,1492133352,327,0.25,2.63,3.9
34009,Cape May County,New Jersey,93705,8.1,10.6,6.8,16213,140311499,46861,476691385,346,0.29,2.79,4.64
34013,Essex County,New Jersey,793555,11.5,16.1,8.6,53437,704194403,345921,5829706728,154,0.12,1.24,1.91
34029,Ocean County,New Jersey,591939,7.6,10.2,7.1,25334,170295579,174833,1935368029,145,0.09,1.17,1.39
35001,Bernalillo County,New Mexico,677692,9.7,11.1,7.5,42053,225751466,334763,4088153196,126,0.06,1.01,0.87
35005,Chaves County,New Mexico,65459,11.8,11.9,9.4,3195,15294876,21159,191068528,151,0.08,1.22,1.26
35009,Curry County,New Mexico,50199,9.6,10.1,8.3,2174,10459144,17028,156391467,128,0.07,1.03,1.05
36021,Columbia County,New York,60919,6,7.6,4.6,3069,17924940,22527,224005209,136,0.08,1.1,1.26
36031,Essex County,New York,37751,5.3,6.4,4.6,3321,26602573,14783,155506991,225,0.17,1.81,2.7
36051,Livingston County,New York,63907,4.4,5.4,3.5,2720,11878296,20669,208303693,132,0.06,1.06,0.9
36061,New York County,New York,1632480,6.2,11.5,4.9,318193,4111816257,2515066,67182232150,127,0.06,1.02,0.97
36081,Queens County,New York,2298513,10.2,12.4,8.5,121488,1556591408,718593,10008506423,169,0.16,1.36,2.45
36111,Ulster County,New York,179303,6.8,8.6,5.4,9741,59422239,61856,651618443,157,0.09,1.27,1.44
37001,Alamance County,North Carolina,160576,14.1,14.8,12.8,8415,36621508,62611,628184055,134,0.06,1.08,0.92
37021,Buncombe County,North Carolina,254474,13.5,15,11.4,23256,145526856,135140,1474061380,172,0.1,1.39,1.56
37025,Cabarrus County,North Carolina,201448,10.4,12.5,9.3,14023,103927042,76591,795077087,183,0.13,1.48,2.06
37051,Cumberland County,North Carolina,332106,10.8,11.3,10.1,17042,71884091,119884,1308826852,142,0.05,1.15,0.87
37055,Dare County,North Carolina,35741,13,14.3,9.7,5974,44859168,20789,193581375,287,0.23,2.32,3.65
37085,Harnett County,North Carolina,130361,13,13.1,12.6,3271,12365898,26015,231475005,126,0.05,1.01,0.84
37097,Iredell County,North Carolina,172525,11.5,13.6,10.4,9644,64347935,75452,918672402,128,0.07,1.03,1.1
37101,Johnston County,North Carolina,191172,14,15.5,10.2,6412,28303838,50899,506604666,126,0.06,1.02,0.88
37109,Lincoln County,North Carolina,81441,12.7,14.2,10.9,3135,15157944,24467,248632705,128,0.06,1.03,0.96
37119,Mecklenburg County,North Carolina,1054314,12.7,16.2,11.2,100196,917739158,716756,11303917787,140,0.08,1.13,1.28
37125,Moore County,North Carolina,95629,11.9,13.7,9.7,7275,37834444,37004,373665321,197,0.1,1.58,1.6
37129,New Hanover County,North Carolina,224231,12.3,14.2,10.2,19736,107335377,117838,1344907140,167,0.08,1.35,1.26
37147,Pitt County,North Carolina,177372,10.8,11,9.4,9790,35946379,77708,903209732,126,0.04,1.02,0.63
37169,Stokes County,North Carolina,45905,13.3,13.5,10.7,1111,4193756,7643,61114795,145,0.07,1.17,1.08
38071,Ramsey County,North Dakota,11557,9.2,11.2,6.6,782,3874948,5734,58406929,136,0.07,1.1,1.05
38101,Ward County,North Dakota,69034,8.1,10.4,5.3,4554,23897328,32000,410382096,142,0.06,1.15,0.92
39013,Belmont County,Ohio,68472,6.5,7.4,5.7,2971,14181879,22138,230808378,134,0.06,1.08,0.97
39017,Butler County,Ohio,378294,6.9,8.7,5.4,19909,91612454,158338,1942016174,126,0.05,1.01,0.74
39025,Clermont County,Ohio,203216,5.9,7.7,4.9,8037,36575577,59609,673235566,135,0.05,1.09,0.86
39027,Clinton County,Ohio,41896,7,7.8,6.3,2693,20309763,18245,217845774,148,0.09,1.19,1.47
39041,Delaware County,Ohio,197008,4.4,8,3.9,13587,83242487,89526,1242359276,152,0.07,1.22,1.06
39057,Greene County,Ohio,165811,6,7.7,4.7,9735,45705383,76470,1076049442,127,0.04,1.03,0.67
39099,Mahoning County,Ohio,231064,6.8,7.9,7.3,13040,52011356,98189,974717189,133,0.05,1.07,0.84
39123,Ottawa County,Ohio,40709,6.5,7.9,5.5,3715,26238765,14761,156123131,252,0.17,2.03,2.65
39155,Trumbull County,Ohio,201794,7.8,8.9,6.9,8328,32613768,63483,616643403,131,0.05,1.06,0.83
39165,Warren County,Ohio,226564,5,7.8,4.9,14889,69435711,97671,1471683426,152,0.05,1.23,0.74
40017,Canadian County,Oklahoma,136710,12.8,15.5,11.1,4735,22322679,37355,402865709,127,0.06,1.02,0.87
40027,Cleveland County,Oklahoma,276733,12.7,14.5,10.9,13945,57453519,86332,829249936,162,0.07,1.3,1.09
40031,Comanche County,Oklahoma,122561,15,15.3,12.8,5427,24707464,41825,428387396,130,0.06,1.05,0.91
40041,Delaware County,Oklahoma,42112,23.9,23.9,21.4,1282,6070159,9137,71943475,140,0.08,1.13,1.33
40065,Jackson County,Oklahoma,25384,16.6,17.1,13.2,1347,4878396,9542,94016006,141,0.05,1.14,0.82
40119,Payne County,Oklahoma,81512,16.4,15.5,14.3,5542,19502431,33202,354551737,167,0.06,1.35,0.87
40125,Pottawatomie County,Oklahoma,72000,16.7,17.2,16.1,3003,10752066,22657,201773570,133,0.05,1.07,0.84
41007,Clatsop County,Oregon,38562,8.9,10.2,6.8,5262,38065161,19756,191187260,266,0.2,2.15,3.14
41011,Coos County,Oregon,63308,9.1,10.2,8.9,3117,18744344,23456,236787979,133,0.08,1.07,1.25
41017,Deschutes County,Oregon,180640,7.7,9.7,6.6,14548,97802443,86661,1016191810,168,0.1,1.35,1.52
41029,Jackson County,Oregon,214267,9.3,10.9,7.1,12390,75585666,91955,992072620,135,0.08,1.09,1.2
41033,Josephine County,Oregon,85481,8.5,9.5,7.7,3857,19677927,29298,266702689,132,0.07,1.06,1.16
41051,Multnomah County,Oregon,798647,8.2,10.9,6.7,69671,599601485,519876,7801111427,134,0.08,1.08,1.21
42009,Bedford County,Pennsylvania,48611,6.9,7.7,6.2,2299,9814093,15821,144139605,145,0.07,1.17,1.07
42025,Carbon County,Pennsylvania,63931,6,7.1,4.9,3038,14196967,15868,153815455,191,0.09,1.54,1.46
42089,Monroe County,Pennsylvania,167586,7.5,8.9,5.5,11852,78153118,56804,641513108,209,0.12,1.68,1.92
42095,Northampton County,Pennsylvania,301778,6.1,8.3,4.9,15335,88246006,118986,1393283178,129,0.06,1.04,1
42101,Philadelphia County,Pennsylvania,1575522,8.2,9.6,6.1,96104,936621256,704139,11708020303,136,0.08,1.1,1.26
42103,Pike County,Pennsylvania,55498,7.2,8.6,5.8,2933,20492141,11473,102885996,256,0.2,2.06,3.14
42127,Wayne County,Pennsylvania,51536,7.6,8.7,7.2,2032,18137026,14946,162569419,136,0.11,1.1,1.76
44003,Kent County,Rhode Island,163861,3.7,5.4,3.1,11066,63346854,76449,927343537,145,0.07,1.17,1.08
44005,Newport County,Rhode Island,83075,4.1,6,3,10634,87945350,43482,563573078,245,0.16,1.97,2.46
44009,Washington County,Rhode Island,126242,3.6,5.6,3.1,9717,75464870,55656,656113932,175,0.12,1.41,1.81
45013,Beaufort County,South Carolina,182658,15.3,17.9,10.7,16766,105754365,68809,680631663,244,0.16,1.96,2.45
45019,Charleston County,South Carolina,394708,13.5,17,10.8,45246,308804101,258859,3275124500,175,0.09,1.41,1.49
45041,Florence County,South Carolina,138561,11.5,12.2,11.3,8485,35918259,66355,646091373,128,0.06,1.03,0.88
45051,Horry County,South Carolina,320915,17.4,18.2,14.5,39423,231968115,135157,1191932029,292,0.19,2.35,3.07
45075,Orangeburg County,South Carolina,88454,13.9,13.7,14.6,3717,15372762,28647,277162844,130,0.06,1.05,0.87
45077,Pickens County,South Carolina,122746,13.1,13.1,10.9,7084,26182247,37659,391395472,188,0.07,1.52,1.06
45091,York County,South Carolina,258641,11.1,13.7,10,13817,58070848,100604,1144466394,137,0.05,1.11,0.8
46035,Davison County,South Dakota,19901,8.4,9.4,6.6,1579,6704012,12173,127462231,130,0.05,1.05,0.83
46081,Lawrence County,South Dakota,25234,9.9,11.1,8.4,3795,24198414,12377,120880558,307,0.2,2.47,3.16
46103,Pennington County,South Dakota,109294,11.7,13.6,9.1,9952,55751832,58592,636163993,170,0.09,1.37,1.38
47009,Blount County,Tennessee,128443,10.2,11.4,9.6,6963,41736995,52097,606391985,134,0.07,1.08,1.09
47037,Davidson County,Tennessee,684017,14.2,16.6,12.8,76513,714953923,520001,7903258449,147,0.09,1.19,1.43
47065,Hamilton County,Tennessee,357546,11,13,9.4,26752,147661967,209408,2613892018,128,0.06,1.03,0.89
47093,Knox County,Tennessee,456185,9.8,11.5,11.3,30937,157221369,241409,2921443210,128,0.05,1.03,0.85
47105,Loudon County,Tennessee,51610,12.8,14.2,11.1,2170,10713161,16462,177772460,132,0.06,1.06,0.95
47155,Sevier County,Tennessee,96287,16.7,16.8,15.5,23194,155166220,50390,394342691,460,0.39,3.71,6.21
47189,Wilson County,Tennessee,132663,8.6,10.8,9.5,7445,42028605,49285,525557207,151,0.08,1.22,1.26
48007,Aransas County,Texas,24763,22.3,24.2,17.3,1447,7905557,5564,56007805,260,0.14,2.1,2.23
48027,Bell County,Texas,342236,13.3,14.2,13.5,15459,87675819,120913,1431480759,128,0.06,1.03,0.97
48029,Bexar County,Texas,1925865,16.9,19.2,15.4,122787,777323465,878443,11010528612,140,0.07,1.13,1.11
48037,Bowie County,Texas,93858,16.4,17.8,13.8,5960,32421075,41808,425824923,143,0.08,1.15,1.2
48039,Brazoria County,Texas,353999,14.2,19,12.3,14785,78215769,116600,1654480949,127,0.05,1.02,0.75
48041,Brazos County,Texas,219193,16.9,17.9,13.4,17054,79335933,109181,1118705065,156,0.07,1.26,1.12
48061,Cameron County,Texas,421750,29,28.9,27.8,18119,92340700,141467,1211095554,128,0.08,1.03,1.2
48091,Comal County,Texas,135097,14.4,19.5,13.4,10359,60127795,60194,673282070,172,0.09,1.39,1.41
48121,Denton County,Texas,807047,12.9,18.8,9.9,37276,205571533,260926,3255076822,143,0.06,1.15,1
48141,El Paso County,Texas,837654,22.6,23.1,23.2,41114,200125354,312881,3080443497,131,0.06,1.06,1.02
48143,Erath County,Texas,41482,23.4,24.4,17.1,2218,8388036,16906,153936915,131,0.05,1.06,0.86
48157,Fort Bend County,Texas,739342,13.5,20,12,28078,149552166,195792,2485563000,143,0.06,1.16,0.95
48167,Galveston County,Texas,327089,15.4,20,14,21787,135275832,110078,1381550447,198,0.1,1.6,1.54
48171,Gillespie County,Texas,26208,23.8,27.6,19,2142,12993564,10879,107487726,197,0.12,1.59,1.91
48199,Hardin County,Texas,56379,13.9,17.1,12.7,1788,6348823,12757,138888815,140,0.05,1.13,0.72
48201,Harris County,Texas,4602523,22.1,26.3,18.9,294612,2646107992,2350392,40142696667,125,0.07,1.01,1.04
48209,Hays County,Texas,204150,16.7,19.6,14.2,10944,52402465,73520,773811741,149,0.07,1.2,1.07
48213,Henderson County,Texas,80460,21.2,21.9,16.5,2236,9026880,17553,164533049,127,0.05,1.03,0.87
48265,Kerr County,Texas,51365,22.5,24.8,19.9,2792,17272374,18550,198207816,151,0.09,1.21,1.37
48303,Lubbock County,Texas,301454,16,17.7,13.5,21591,103551055,141585,1578987812,152,0.07,1.23,1.03
48339,Montgomery County,Texas,554445,17.2,23.5,14,27137,156600969,192011,2642254863,141,0.06,1.14,0.93
48347,Nacogdoches County,Texas,65558,22.9,23,17.8,3035,11738784,22271,211184723,136,0.06,1.1,0.88
48355,Nueces County,Texas,360486,19,21.6,14.7,23915,146517371,163358,1997067529,146,0.07,1.18,1.16
48363,Palo Pinto County,Texas,28317,22,22.6,17.6,1260,5840201,8715,100601757,145,0.06,1.17,0.92
48367,Parker County,Texas,129802,15.3,20.2,13.9,4481,22916423,34924,391762050,128,0.06,1.03,0.92
48381,Randall County,Texas,132475,13.2,16,11.7,4958,23010799,32531,350714473,152,0.07,1.23,1.03
48397,Rockwall County,Texas,93642,13.4,19.8,12.3,5440,27986896,32807,347078722,166,0.08,1.34,1.27
48409,San Patricio County,Texas,67046,18.9,21,14,2463,13429029,18657,223530766,132,0.06,1.06,0.95
48439,Tarrant County,Texas,2019977,18.4,22.6,15.2,124926,863923029,923263,12918587971,135,0.07,1.09,1.05
48451,Tom Green County,Texas,117466,17.9,20.1,13.2,6282,29991902,47773,533071336,131,0.06,1.06,0.89
48453,Travis County,Texas,1203166,14.6,19.9,11.3,102717,734897590,779855,13278297051,132,0.06,1.06,0.87
48463,Uvalde County,Texas,27009,22.5,23,19.4,1301,6703399,9883,87897339,132,0.08,1.06,1.2
48467,Van Zandt County,Texas,54368,21.3,22.6,17.7,1625,7326664,11312,102144069,144,0.07,1.16,1.13
48479,Webb County,Texas,272053,28.6,28.7,30.2,18853,115561143,102968,961372720,183,0.12,1.48,1.9
48491,Williamson County,Texas,527057,11.4,16.2,10.6,23852,134081720,181431,2698708835,131,0.05,1.06,0.78
49019,Grand County,Utah,9616,13.2,14.4,11.9,2801,18848565,6562,57654587,427,0.33,3.44,5.16
49021,Iron County,Utah,49691,13.7,13.4,10.9,2851,10419747,20102,175973022,142,0.06,1.14,0.93
49043,Summit County,Utah,40511,9.6,15.8,6.2,9031,102504403,26562,336865816,340,0.3,2.74,4.8
49051,Wasatch County,Utah,30523,11.9,14.1,8.1,1822,10311914,10545,116273848,173,0.09,1.39,1.4
49053,Washington County,Utah,160537,13.9,14.9,9.2,10832,51353630,70864,659079262,153,0.08,1.23,1.23
50015,Lamoille County,Vermont,25268,6.7,8.3,6.4,3335,27260427,12023,121554139,277,0.22,2.24,3.54
50019,Orleans County,Vermont,26911,6.4,7.2,6.1,1461,9162886,10862,107329420,135,0.09,1.08,1.35
50021,Rutland County,Vermont,59273,5.5,6.8,5.1,3551,19706204,26545,294282126,134,0.07,1.08,1.06
51013,Arlington County,Virginia,231803,7.7,15.8,5.4,27221,342310814,182914,4165224018,149,0.08,1.2,1.3
51107,Loudoun County,Virginia,385143,6.5,13.9,5.5,28660,268225750,174842,2829800419,164,0.09,1.32,1.49
51153,Prince William County,Virginia,456749,11.7,17.5,9.1,17684,91500827,132826,1663319605,133,0.06,1.07,0.87
51187,Warren County,Virginia,39449,11.3,14,9.4,1721,8800052,12817,132858378,134,0.07,1.08,1.04
51199,York County,Virginia,67587,7.6,10.7,6.4,4209,25038833,21517,219283908,196,0.11,1.58,1.8
51540,Charlottesville city,Virginia,47042,11.7,13.9,10.3,6429,37311196,41439,549082303,155,0.07,1.25,1.07
51610,Falls Church city,Virginia,14067,3.7,8.7,3.5,1697,9898834,12056,209743178,141,0.05,1.13,0.74
51650,Hampton city,Virginia,135583,9.6,10.7,9.3,7007,37720652,53490,635955025,131,0.06,1.06,0.94
51680,Lynchburg city,Virginia,80131,10.2,10.5,9.4,6587,26167741,52296,576246619,126,0.05,1.02,0.72
51710,Norfolk city,Virginia,245592,11.7,12.8,11.4,18606,182407875,139635,1932707602,133,0.09,1.07,1.49
51810,Virginia Beach city,Virginia,450135,8.9,11.5,8.5,29027,152691759,177913,1928349642,163,0.08,1.31,1.25
53007,Chelan County,Washington,75757,9.3,11.4,6.9,5873,36375982,46530,517709482,126,0.07,1.02,1.11
53029,Island County,Washington,81636,6,7.4,4.9,2892,18837010,17063,181852484,169,0.1,1.37,1.63
53033,King County,Washington,2163257,6.2,10.5,5.2,182175,1977569890,1445252,34212627034,126,0.06,1.02,0.91
53037,Kittitas County,Washington,44825,8.2,9.3,6.5,3050,17950457,15869,170342827,192,0.11,1.55,1.66
53055,San Juan County,Washington,16473,9.1,11.3,7.7,1927,16103654,6611,66613189,291,0.24,2.35,3.81
53073,Whatcom County,Washington,216812,7.6,9.3,6.4,11439,71890840,91484,1128868548,125,0.06,1.01,1
54037,Jefferson County,West Virginia,56179,6.5,8.7,5.2,3831,25967224,15651,177558145,245,0.15,1.97,2.31
54061,Monongalia County,West Virginia,105252,7.2,8.3,5.5,7205,32162191,57540,764723312,125,0.04,1.01,0.66
55093,Pierce County,Wisconsin,41603,4.9,6.4,4.6,1671,6426964,10438,93398137,160,0.07,1.29,1.09
55109,St. Croix County,Wisconsin,87917,4.6,6.8,3.6,4931,21557299,34447,364758567,143,0.06,1.15,0.93
55125,Vilas County,Wisconsin,21593,10.2,11.3,8,1861,12195850,8418,74322101,221,0.16,1.78,2.59
56001,Albany County,Wyoming,38102,12.5,12.3,10,2223,9287787,16264,169265768,137,0.05,1.1,0.87
56025,Natrona County,Wyoming,80610,14.2,17.5,12.1,4982,26854367,39358,503051054,127,0.05,1.02,0.84
56029,Park County,Wyoming,29121,14,17,11.8,3226,19810677,14670,153517205,220,0.13,1.77,2.04
56033,Sheridan County,Wyoming,30012,13.4,16.4,13.1,1754,9161356,13604,146499093,129,0.06,1.04,0.99
56039,Teton County,Wyoming,23059,16,24.4,10.5,9596,94862551,23107,306202616,415,0.31,3.35,4.89
72031,Carolina Municipio,Puerto Rico,157453,NA,NA,NA,10911,57929806,45590,284941314,239,0.2,1.93,3.21
78030,NA,NA,NA,NA,NA,NA,3464,25075381,18922,230598864,183,0.11,1.48,1.71
21197,Powell County,Kentucky,12321,6.4,6.4,4.8,385,1608606,2679,20056679,144,0.08,1.16,1.26
35031,McKinley County,New Mexico,72849,17.4,17.9,19.1,3093,13102574,21099,185833123,147,0.07,1.18,1.11
51177,Spotsylvania County,Virginia,131412,9.5,12.7,8.4,5065,24110896,35963,369043076,141,0.07,1.14,1.03
06045,Mendocino County,California,87422,10.7,11.8,9.9,4667,26763581,33047,343074619,141,0.08,1.14,1.23
06093,Siskiyou County,California,43540,8.6,9.4,8.3,1854,11048513,14400,150455755,129,0.07,1.04,1.16
12053,Hernando County,Florida,182696,15.8,16.1,16.4,6225,28021777,45147,412293061,138,0.07,1.11,1.07
12055,Highlands County,Florida,102101,18.5,18,16.2,3416,15749601,26917,234462510,127,0.07,1.02,1.06
12089,Nassau County,Florida,80578,12.5,15.2,10.7,5472,37365512,23740,239727360,230,0.16,1.86,2.46
12131,Walton County,Florida,65858,17.6,20.8,13.8,7220,62733382,27386,281596001,264,0.22,2.12,3.51
13039,Camden County,Georgia,52714,13.5,13.9,12.3,1921,8351939,14257,155859405,135,0.05,1.09,0.85
13127,Glynn County,Georgia,83974,17.4,19,13.6,9064,56930143,38794,444409043,234,0.13,1.88,2.02
17013,Calhoun County,Illinois,4858,6,6.9,5.8,113,230525,739,5016778,153,0.05,1.23,0.72
17085,Jo Daviess County,Illinois,21834,7.1,8.5,6.1,1626,7859154,7352,64433151,221,0.12,1.78,1.92
17133,Monroe County,Illinois,33936,3.7,5.5,3.8,1688,6315005,8366,76589994,202,0.08,1.63,1.3
17179,Tazewell County,Illinois,133852,4.6,6.1,4.5,7373,34049017,47929,511733920,154,0.07,1.24,1.05
21019,Boyd County,Kentucky,48091,5.4,5.8,4.8,3263,13665344,24563,289225851,133,0.05,1.07,0.75
21139,Livingston County,Kentucky,9263,6,6.5,4.6,458,4895443,2719,31776023,168,0.15,1.36,2.43
21143,Lyon County,Kentucky,8186,6.4,7.1,5.6,508,2598983,2597,21107933,196,0.12,1.58,1.94
21145,McCracken County,Kentucky,65284,5.9,7.1,4.6,7360,63211926,39148,433621126,188,0.15,1.52,2.3
21161,Mason County,Kentucky,17153,6.6,7.2,4.8,1109,4081911,8323,83403703,133,0.05,1.07,0.77
22087,St. Bernard Parish,Louisiana,45694,10.2,10.2,9.5,1695,11397720,10184,127659762,166,0.09,1.34,1.41
22121,West Baton Rouge Parish,Louisiana,25860,7.5,9.2,6.2,1542,9911751,12280,165181650,126,0.06,1.01,0.95
23015,Lincoln County,Maine,34067,13.6,15.7,10.3,2567,20903361,11973,114774228,214,0.18,1.73,2.87
24035,Queen Anne's County,Maryland,49355,5.4,8.3,4,3661,21230186,15714,161793973,233,0.13,1.88,2.07
24047,Worcester County,Maryland,51564,7.8,9.8,6.9,11177,92055698,27390,259515303,408,0.35,3.29,5.59
26003,Alger County,Michigan,9194,7.6,8.5,7.1,563,3078407,2676,27463911,210,0.11,1.7,1.77
26027,Cass County,Michigan,51460,7.2,8.5,5.2,1240,4658426,9566,97458236,130,0.05,1.04,0.75
26031,Cheboygan County,Michigan,25458,8.3,8.8,7.9,1791,11455301,6939,61227204,258,0.19,2.08,2.95
26089,Leelanau County,Michigan,21639,8.5,10.7,6.5,1402,11208809,6946,65868661,202,0.17,1.63,2.68
26147,St. Clair County,Michigan,159566,5.9,7.1,4.7,5993,26954907,44911,501778360,133,0.05,1.08,0.85
27021,Cass County,Minnesota,29022,8.3,9.7,7.2,2446,14461498,11168,93590386,219,0.15,1.77,2.44
27031,Cook County,Minnesota,5311,8.4,9.6,8.2,1154,7760376,3191,26888148,362,0.29,2.91,4.55
27071,Koochiching County,Minnesota,12644,7.2,8.2,6.3,667,3130446,4553,52770625,146,0.06,1.18,0.94
27075,Lake County,Minnesota,10569,4.7,5.6,4.2,885,4961412,4309,48796567,205,0.1,1.66,1.6
28001,Adams County,Mississippi,31547,15,14.3,14.3,1998,9131826,10665,92064394,187,0.1,1.51,1.56
28149,Warren County,Mississippi,47075,14.1,14.2,13.2,4189,33527639,19596,226021591,214,0.15,1.72,2.34
29099,Jefferson County,Missouri,223302,10,11.4,8.8,6676,29241311,48197,451954727,139,0.06,1.12,1.02
29141,Morgan County,Missouri,20137,19.3,19,15.1,635,3953902,4424,32757521,144,0.12,1.16,1.9
29209,Stone County,Missouri,31527,14.6,14.5,11.9,2364,16381805,6930,52148984,341,0.31,2.75,4.95
34025,Monmouth County,New Jersey,623387,6.8,12.3,5.1,40199,257187762,265161,3571865477,152,0.07,1.22,1.14
37019,Brunswick County,North Carolina,126860,13.5,15.3,10.8,6649,36761750,33327,329514727,200,0.11,1.61,1.76
37031,Carteret County,North Carolina,68920,12.7,13.9,10.5,5133,29101339,23693,217372639,217,0.13,1.75,2.11
37099,Jackson County,North Carolina,42256,18.2,17.8,15.5,3210,18944010,14550,137276753,221,0.14,1.78,2.18
39043,Erie County,Ohio,75136,6.3,7.4,5,9968,55525464,37794,365161526,264,0.15,2.13,2.4
41009,Columbia County,Oregon,50851,7,8.5,6.3,1699,8762169,11779,117918348,144,0.07,1.16,1.17
41041,Lincoln County,Oregon,47881,10.7,11.9,9,5222,34838162,18862,188996000,277,0.18,2.23,2.91
44001,Bristol County,Rhode Island,48900,3.5,5.8,2.6,2226,12947331,14201,145964558,157,0.09,1.26,1.4
45043,Georgetown County,South Carolina,61605,13.2,14.2,11.2,4675,25801866,24498,247983471,191,0.1,1.54,1.64
47019,Carter County,Tennessee,56391,12,11.2,12.3,1451,8780413,11629,96774420,125,0.09,1.01,1.43
47115,Marion County,Tennessee,28417,11.3,11.5,10.2,1277,5318837,7594,67444153,168,0.08,1.36,1.24
50013,Grand Isle County,Vermont,6965,5.8,7.4,5.9,281,1920604,1376,12045969,204,0.16,1.65,2.51
51119,Middlesex County,Virginia,10700,11.4,12.6,11,542,3092701,3338,29213729,162,0.11,1.31,1.67
53031,Jefferson County,Washington,30856,8.3,10.2,8.2,1237,6319854,9479,98315214,130,0.06,1.05,1.01
54009,Brooke County,West Virginia,22772,5.9,6.5,5.4,981,4642572,7695,78146705,127,0.06,1.03,0.94
54107,Wood County,West Virginia,85556,7.1,8.1,6.2,4708,19936577,35649,374176336,132,0.05,1.06,0.84
55029,Door County,Wisconsin,27439,7,8.6,5.7,3897,25360871,14907,133039867,261,0.19,2.11,3.01
55031,Douglas County,Wisconsin,43402,6.6,7.5,5.7,2436,12042571,15864,156288720,154,0.08,1.24,1.22
72049,Culebra Municipio,Puerto Rico,1314,NA,NA,NA,65,413297,448,2213203,145,0.19,1.17,2.95
72119,Rï¿½o Grande Municipio,Puerto Rico,50550,NA,NA,NA,1486,8026425,5154,28584388,288,0.28,2.32,4.43
78020,NA,NA,NA,NA,NA,NA,553,5004753,1359,13276041,407,0.38,3.28,5.95
01001,Autauga County,Alabama,55200,8.7,9.3,7.1,1619,6588599,11042,110956184,147,0.06,1.18,0.94
04007,Gila County,Arizona,53400,13.5,14.3,12.6,1996,9616551,15042,159035857,133,0.06,1.07,0.95
05015,Carroll County,Arkansas,27887,12.8,12.5,11,1839,7919355,11224,86103629,164,0.09,1.32,1.45
05019,Clark County,Arkansas,22385,7.2,7.3,5.5,1217,4258135,9469,82124036,129,0.05,1.04,0.82
05051,Garland County,Arkansas,98296,9.8,10.5,7.3,7319,38548628,37699,342989096,194,0.11,1.56,1.77
05125,Saline County,Arkansas,118009,7.5,9.2,5.7,3540,14950384,24923,221577476,142,0.07,1.14,1.06
06055,Napa County,California,140530,8.5,11.9,5.9,15235,141229112,82611,1152751443,184,0.12,1.49,1.93
06091,Sierra County,California,2930,7.8,8.9,6.9,93,521870,604,5492410,154,0.1,1.24,1.5
08015,Chaffee County,Colorado,19164,10.2,12.4,8.1,2104,15807752,8165,86150963,258,0.18,2.08,2.89
08049,Grand County,Colorado,15066,10.6,13.6,7.4,2794,23054799,7405,76989690,377,0.3,3.04,4.72
08083,Montezuma County,Colorado,25909,13.8,15.8,12.8,1197,6329521,9450,89640264,127,0.07,1.02,1.11
08113,San Miguel County,Colorado,7968,11.8,15.7,8.5,2267,19925936,5827,62618592,389,0.32,3.14,5.02
08117,Summit County,Colorado,30429,11.1,14.6,8.3,7457,67040900,20153,230526014,370,0.29,2.98,4.59
12019,Clay County,Florida,207291,11.4,12.9,11.4,8358,52779101,53758,511173818,155,0.1,1.25,1.63
12113,Santa Rosa County,Florida,170442,12.5,14.6,10,6908,37656450,40191,370843475,172,0.1,1.39,1.6
12119,Sumter County,Florida,120999,11.9,14.3,10.5,4347,22560321,31503,325899960,138,0.07,1.11,1.09
13009,Baldwin County,Georgia,45286,15.9,15.4,14.1,2224,7967604,15829,136557866,141,0.06,1.13,0.92
13023,Bleckley County,Georgia,12775,13.8,13.2,12.3,331,876218,2601,20796438,127,0.04,1.03,0.66
13031,Bulloch County,Georgia,74782,16.8,15.6,13.6,3696,13039643,25834,235453870,143,0.06,1.15,0.87
13045,Carroll County,Georgia,116022,16,16.6,13.5,5298,20593355,41713,442121016,127,0.05,1.02,0.73
13059,Clarke County,Georgia,124602,16.3,15.2,13,10271,45192013,71330,790471464,144,0.06,1.16,0.9
13077,Coweta County,Georgia,140516,12.5,15.1,10.8,5768,28581275,40920,432983042,141,0.07,1.14,1.04
13085,Dawson County,Georgia,23861,17.2,19.8,11.9,1625,7573873,9358,76558187,174,0.1,1.4,1.56
13097,Douglas County,Georgia,141840,14.2,14.9,12.6,5797,27708036,45451,459305714,128,0.06,1.03,0.95
13111,Fannin County,Georgia,24925,18.3,18.2,18.2,1331,6568255,6807,56660176,196,0.12,1.58,1.83
13133,Greene County,Georgia,16976,20.1,22,14,1085,7500683,6406,61664852,169,0.12,1.37,1.92
13153,Houston County,Georgia,151682,13.6,14.6,9.6,8244,32892326,62968,714961458,131,0.05,1.06,0.73
13185,Lowndes County,Georgia,114582,17.3,17,14.7,7567,29797307,49538,464709711,153,0.06,1.23,1.01
13211,Morgan County,Georgia,18235,15.9,17.4,13.3,1241,5660380,7731,71753387,161,0.08,1.29,1.24
16015,Boise County,Idaho,7163,13.3,14.7,14.4,474,2617865,1717,14556323,276,0.18,2.22,2.84
17049,Effingham County,Illinois,34174,5.6,7.1,5.7,3026,15120516,22199,219559531,136,0.07,1.1,1.09
17095,Knox County,Illinois,50999,5.8,6.6,5.4,2276,8061901,17773,159532374,128,0.05,1.03,0.8
17113,McLean County,Illinois,173219,5.1,6.7,4.4,10892,47335849,82151,1046914264,133,0.05,1.07,0.71
17147,Piatt County,Illinois,16427,4.7,6.3,4.6,544,1961031,3578,31373949,152,0.06,1.23,0.99
17165,Saline County,Illinois,24231,7.1,7.6,6.5,1103,4727078,7648,64320938,144,0.07,1.16,1.16
18013,Brown County,Indiana,15034,10.5,11.5,8.9,670,3029409,2999,21258204,223,0.14,1.8,2.25
18029,Dearborn County,Indiana,49501,7.3,8.9,5.4,3019,16654177,14210,139918008,212,0.12,1.71,1.88
18095,Madison County,Indiana,129505,9.1,9.9,7.7,5649,24309891,40735,391688866,139,0.06,1.12,0.98
18105,Monroe County,Indiana,145403,9.2,9.5,6.3,8584,36091145,64588,719934097,133,0.05,1.07,0.79
19059,Dickinson County,Iowa,17056,4.8,6.2,4.1,1876,11451255,10115,97689393,185,0.12,1.49,1.85
19183,Washington County,Iowa,22143,5.9,7,4.9,1167,7930544,8301,77555985,141,0.1,1.13,1.61
20037,Crawford County,Kansas,39108,11.9,10.6,8.2,2547,16493966,16939,149257354,150,0.11,1.21,1.74
20045,Douglas County,Kansas,119319,9.2,9.8,7.9,7282,30106260,49918,485079397,146,0.06,1.18,0.98
21009,Barren County,Kentucky,43680,7,7.4,5.9,2251,8523028,16564,142413286,136,0.06,1.1,0.94
21013,Bell County,Kentucky,27188,6.8,7,6,1055,3440683,8063,64865387,131,0.05,1.05,0.84
21037,Campbell County,Kentucky,92267,4.5,5.8,3.8,5307,24891144,30402,325601711,175,0.08,1.41,1.21
21113,Jessamine County,Kentucky,52422,7.6,8.7,5,2478,15366175,17357,165407523,143,0.09,1.15,1.47
21151,Madison County,Kentucky,89700,6.2,6.7,4.6,4519,17575112,34575,339433047,131,0.05,1.05,0.82
21153,Magoffin County,Kentucky,12666,8.2,8.1,6,269,909942,1871,12460038,144,0.07,1.16,1.15
21205,Rowan County,Kentucky,24499,7.1,7.2,5,1329,4506459,10271,92317497,129,0.05,1.04,0.77
21213,Simpson County,Kentucky,18063,6.1,6.6,4.3,1284,5751345,9073,95214220,142,0.06,1.14,0.95
21227,Warren County,Kentucky,126427,7.3,7.8,5.1,8954,38102669,66138,673951891,135,0.06,1.09,0.89
22029,Concordia Parish,Louisiana,20021,9.9,9.7,9.8,853,3508438,5521,46421212,155,0.08,1.25,1.19
22063,Livingston Parish,Louisiana,138111,8.9,10.6,8.2,4134,16051536,29709,287642183,139,0.06,1.12,0.88
23007,Franklin County,Maine,30019,10.8,11.4,9.8,1616,9620104,10363,98384062,156,0.1,1.26,1.54
24001,Allegany County,Maryland,71977,5.9,6.7,6,3971,17378798,29292,278250170,136,0.06,1.09,0.99
24009,Calvert County,Maryland,91082,4.1,6.6,3.5,3867,20638892,22275,273029157,174,0.08,1.4,1.19
24017,Charles County,Maryland,157671,5,7.4,4.1,6514,31781673,41484,483691569,157,0.07,1.27,1.04
24019,Dorchester County,Maryland,32261,7.3,8.6,6.4,1431,8011716,11431,111711661,125,0.07,1.01,1.13
24023,Garrett County,Maryland,29376,7.4,8.5,6.7,2142,11394825,12301,111240841,174,0.1,1.4,1.62
24029,Kent County,Maryland,19593,8.4,10.6,6.1,1032,6808604,8005,81908006,129,0.08,1.04,1.31
24037,St. Mary's County,Maryland,111531,5.2,8,3.8,5935,53937410,45837,767164924,129,0.07,1.04,1.11
26019,Benzie County,Michigan,17552,7.4,8.1,6.1,1351,9539407,4558,41878598,296,0.23,2.39,3.59
26039,Crawford County,Michigan,13836,6.5,6.7,5.8,545,2716345,4273,45542115,128,0.06,1.03,0.94
26069,Iosco County,Michigan,25247,7.6,7.9,7.1,2114,28070221,8188,91134304,258,0.31,2.08,4.86
26115,Monroe County,Michigan,149699,5,6.3,4.6,5053,23010861,39763,483548003,127,0.05,1.02,0.75
26135,Oscoda County,Michigan,8277,9,9.4,7.4,350,1793714,1735,14043493,202,0.13,1.63,2.01
26143,Roscommon County,Michigan,23877,7.5,7.8,6.9,1105,5253388,5790,51215965,191,0.1,1.54,1.62
27005,Becker County,Minnesota,33773,6.9,8.3,5.9,2023,9520359,14590,142010089,139,0.07,1.12,1.06
27041,Douglas County,Minnesota,37203,3.9,5.1,3.2,2438,11026660,19396,209383648,126,0.05,1.01,0.83
27057,Hubbard County,Minnesota,20862,6.8,8,6,1017,4919967,6507,65748420,156,0.07,1.26,1.18
27115,Pine County,Minnesota,29129,6.7,7.7,6.3,1132,5173495,8480,71895058,133,0.07,1.08,1.13
27163,Washington County,Minnesota,253317,3.3,5.7,2.9,12099,62098146,88238,1047110510,137,0.06,1.11,0.94
28071,Lafayette County,Mississippi,53459,13.8,13.9,11.8,5032,18923075,25386,230363277,198,0.08,1.6,1.3
28075,Lauderdale County,Mississippi,77323,12.6,13.5,11.4,4082,17670415,32695,312012337,125,0.06,1.01,0.89
28105,Oktibbeha County,Mississippi,49481,15.6,14.1,12.5,3806,12948377,20768,197172063,183,0.07,1.48,1.04
28131,Stone County,Mississippi,18375,13.3,12.6,12.3,564,1767966,4519,38965393,125,0.05,1.01,0.72
29001,Adair County,Missouri,25325,10.6,9.2,8.6,1387,4921259,9931,82143033,140,0.06,1.13,0.94
29037,Cass County,Missouri,102678,8.8,10.6,7.4,4101,17112665,27302,243209312,150,0.07,1.21,1.11
29043,Christian County,Missouri,84275,10.1,10.9,9.1,2625,11362425,18026,140120375,146,0.08,1.17,1.28
29053,Cooper County,Missouri,17622,10.6,10.4,10.2,829,4203312,5082,40045366,163,0.1,1.31,1.66
29161,Phelps County,Missouri,44789,13.9,13,10.2,2327,9248588,18400,180895653,126,0.05,1.02,0.81
29169,Pulaski County,Missouri,52591,11.4,11.3,10.4,2596,14533753,13020,130581695,199,0.11,1.61,1.76
30007,Broadwater County,Montana,5834,11.3,12.9,10.5,198,724998,1407,12914619,141,0.06,1.13,0.89
30021,Dawson County,Montana,9191,8,9.5,7.5,482,2303119,3594,36734645,134,0.06,1.08,0.99
30023,Deer Lodge County,Montana,9100,10.1,11.4,9,433,1566422,3155,29778373,137,0.05,1.11,0.83
30043,Jefferson County,Montana,11778,8.3,10.7,7.5,296,1101928,2366,23394320,125,0.05,1.01,0.74
30067,Park County,Montana,16246,10.1,11.2,10,1946,12439400,6537,61128311,298,0.2,2.4,3.21
30071,Phillips County,Montana,4124,14.2,14.6,14,170,567214,1278,10870977,133,0.05,1.07,0.82
30083,Richland County,Montana,11360,10.7,14.1,7.9,694,3310003,5384,69735171,129,0.05,1.04,0.75
30089,Sanders County,Montana,11521,15.6,16.3,13.7,513,2207265,3034,25161652,169,0.09,1.36,1.38
31025,Cass County,Nebraska,25702,7,8.6,5.8,757,3019281,5897,58073688,128,0.05,1.03,0.82
31111,Lincoln County,Nebraska,35433,8.8,10.2,6,1976,9023978,14399,147390298,137,0.06,1.11,0.97
31131,Otoe County,Nebraska,15896,8.9,10.2,6.5,838,3972367,6327,63326124,132,0.06,1.07,0.99
32001,Churchill County,Nevada,24010,13.6,14.6,12,1697,18895471,8400,100666941,202,0.19,1.63,2.96
32013,Humboldt County,Nevada,16904,15.3,18.9,9.3,1067,5535644,7771,109715683,137,0.05,1.11,0.8
32023,Nye County,Nevada,43705,12.8,13.6,10.9,2193,12175953,12724,163257333,172,0.07,1.39,1.18
32033,White Pine County,Nevada,9737,11,12.9,9.2,558,3219295,4377,62200579,127,0.05,1.03,0.82
33001,Belknap County,New Hampshire,60640,7.6,10.5,6.7,4554,32371054,26549,290035178,172,0.11,1.38,1.76
33003,Carroll County,New Hampshire,47840,9,11.2,8.5,5748,43564526,20547,200116510,280,0.22,2.25,3.43
33007,Coos County,New Hampshire,32038,7.8,9.2,7.7,2602,17003258,12268,119891866,212,0.14,1.71,2.24
34037,Sussex County,New Jersey,142298,6.1,10,5.8,5861,33599410,38095,423158883,154,0.08,1.24,1.25
35027,Lincoln County,New Mexico,19482,12.8,12.6,11.7,2016,12158421,6769,56893808,298,0.21,2.4,3.37
35049,Santa Fe County,New Mexico,148917,13.3,15.5,9.2,12026,86518305,62966,703852982,191,0.12,1.54,1.94
35051,Sierra County,New Mexico,11135,9.8,9,8.5,489,1805799,3405,27485034,144,0.07,1.16,1.04
35055,Taos County,New Mexico,32888,12.6,12.5,11.1,2908,16673975,10687,90111754,272,0.19,2.19,2.92
36013,Chautauqua County,New York,129656,5.3,6.1,4.8,6148,31137084,48764,479878423,126,0.06,1.02,1.02
36023,Cortland County,New York,48123,4.2,5,3.6,2527,11712417,18436,183307535,137,0.06,1.1,1.01
36037,Genesee County,New York,58112,4.8,5.8,4.7,2968,17523677,23612,247462940,126,0.07,1.01,1.12
36039,Greene County,New York,47617,5.6,6.9,4.9,2753,17039736,14421,152168117,191,0.11,1.54,1.77
36041,Hamilton County,New York,4575,6.7,8.2,5.5,494,4428463,1873,17051476,264,0.26,2.13,4.1
36043,Herkimer County,New York,62505,4.9,5.7,4.8,2214,13043822,16850,160519322,131,0.08,1.06,1.28
36045,Jefferson County,New York,114448,4.7,5.4,4.5,5259,30515221,40962,431398822,128,0.07,1.03,1.12
36063,Niagara County,New York,211704,5.1,6.3,4.4,10727,56506929,74331,751608942,144,0.08,1.16,1.19
36075,Oswego County,New York,119104,5.3,6.4,4.5,4603,18604906,34355,361394911,134,0.05,1.08,0.81
36077,Otsego County,New York,60244,5.2,6.1,3.9,3779,27728004,23987,259949080,158,0.11,1.27,1.68
36091,Saratoga County,New York,227377,3.8,5.9,3.2,12530,89440357,89537,1133318164,140,0.08,1.13,1.24
36095,Schoharie County,New York,31364,5.2,6.1,4.3,1388,9847983,9246,91015493,150,0.11,1.21,1.71
36097,Schuyler County,New York,17992,5.3,5.9,5,959,6709625,5165,48964733,186,0.14,1.5,2.16
36099,Seneca County,New York,34612,6.3,7.2,4.7,2268,15789793,12571,138582087,180,0.11,1.45,1.8
36105,Sullivan County,New York,75211,6.5,7.6,5.4,5384,49631473,29996,306423917,179,0.16,1.45,2.55
36113,Warren County,New York,64480,5.2,6.6,4.3,7611,62343349,38799,461157255,196,0.14,1.58,2.13
37011,Avery County,North Carolina,17501,20,19.7,15,1712,12631129,6921,59437709,247,0.21,1.99,3.35
37087,Haywood County,North Carolina,60433,12,12.5,10.1,2675,12369794,17695,162031038,151,0.08,1.22,1.2
37095,Hyde County,North Carolina,5393,15.7,14.9,14,289,2124313,1858,16655006,156,0.13,1.25,2.01
37133,Onslow County,North Carolina,193912,8.8,8.9,9.3,8875,40962247,49055,430503028,181,0.1,1.46,1.5
37139,Pasquotank County,North Carolina,39479,12.2,12.2,11.5,2370,14888288,15046,147787474,158,0.1,1.27,1.59
37141,Pender County,North Carolina,59020,13.7,14.3,12.7,1974,9072788,12931,115440444,153,0.08,1.23,1.24
37175,Transylvania County,North Carolina,33513,15.3,15.5,11.9,1573,9789875,9358,84478640,168,0.12,1.35,1.83
37189,Watauga County,North Carolina,54117,14.2,13.6,10.8,5503,25356391,24648,228717430,223,0.11,1.8,1.75
38035,Grand Forks County,North Dakota,70400,7.9,9.5,5.8,5086,22236349,39985,469635061,127,0.05,1.03,0.75
39009,Athens County,Ohio,65936,9.3,8.8,8,3087,10892617,21169,225750545,146,0.05,1.18,0.76
39015,Brown County,Ohio,43679,7.6,8,6.7,1028,3718587,7789,67426722,132,0.06,1.06,0.87
39045,Fairfield County,Ohio,152910,5.8,7.4,4.9,6903,29106927,43612,432465863,158,0.07,1.28,1.06
39133,Portage County,Ohio,162644,6.8,7.9,6,7162,27900290,55733,620088639,129,0.04,1.04,0.71
40083,Logan County,Oklahoma,46044,13.5,15.4,12.6,1119,3866919,7703,67657328,145,0.06,1.17,0.9
41013,Crook County,Oregon,22337,8.6,9.5,7.6,847,5527905,6388,73233802,133,0.08,1.07,1.19
41015,Curry County,Oregon,22507,9.3,10.4,8.2,1418,7066610,7061,62742079,201,0.11,1.62,1.78
41027,Hood River County,Oregon,23131,11.2,13.3,8.3,2229,14135939,15445,150826546,144,0.09,1.16,1.48
41057,Tillamook County,Oregon,26076,10.5,11.4,8.5,1742,11609565,10120,101109068,172,0.11,1.39,1.81
41065,Wasco County,Oregon,25866,11,12.2,8.7,1389,7900483,11122,134529373,125,0.06,1.01,0.93
42001,Adams County,Pennsylvania,102023,7.5,9.5,5.6,5091,23345770,35608,377436709,143,0.06,1.15,0.98
42031,Clarion County,Pennsylvania,38827,7.8,8.7,6.5,1671,5690420,13169,117169107,127,0.05,1.02,0.77
42051,Fayette County,Pennsylvania,132289,6.3,7.3,6.2,6187,35466684,40101,414575557,154,0.09,1.24,1.35
42111,Somerset County,Pennsylvania,74949,7,8,5.7,3199,14689113,24309,244726521,132,0.06,1.06,0.95
42113,Sullivan County,Pennsylvania,6177,8.6,9.6,6.8,198,955553,1542,14601642,128,0.07,1.03,1.03
42119,Union County,Pennsylvania,45114,7.5,9.4,4.9,2310,10285195,17594,208146791,131,0.05,1.06,0.78
45035,Dorchester County,South Carolina,155474,11.3,12.7,10.7,5007,22410798,36256,351426734,138,0.06,1.11,1.01
46027,Clay County,South Dakota,13925,10.5,9.5,8.3,1021,2892028,6104,58521205,167,0.05,1.35,0.78
46033,Custer County,South Dakota,8573,11.8,13.5,10.4,927,6753983,2762,26138917,336,0.26,2.7,4.08
47013,Campbell County,Tennessee,39687,12.4,11.9,11,1315,5943847,9292,78721533,142,0.08,1.14,1.19
47125,Montgomery County,Tennessee,196387,8.8,9,8.7,8902,36508144,56996,584155000,156,0.06,1.26,0.99
47139,Polk County,Tennessee,16782,12.5,12,11.2,717,2935361,2545,17811913,282,0.16,2.27,2.6
48021,Bastrop County,Texas,82577,21.8,24.1,18.2,3157,16485802,18681,188573540,169,0.09,1.36,1.38
48043,Brewster County,Texas,9216,19.8,21.1,19.1,939,5184308,4096,41692025,229,0.12,1.85,1.96
48273,Kleberg County,Texas,31425,19.7,19.8,15.2,1627,7999877,11720,117932692,139,0.07,1.12,1.07
49017,Garfield County,Utah,5017,16.3,16.7,12.4,1363,7768966,2805,22158647,486,0.35,3.92,5.53
50003,Bennington County,Vermont,35920,6,7.4,5.6,2380,16484027,17312,189968801,137,0.09,1.11,1.37
50025,Windham County,Vermont,43150,5.6,6.9,5.7,2845,18396888,20639,226733512,138,0.08,1.11,1.28
50027,Windsor County,Vermont,55427,6,7.8,5.7,3446,25635246,23002,263233774,150,0.1,1.21,1.54
51073,Gloucester County,Virginia,37161,9.7,11.8,8,1326,6097908,9498,86724116,140,0.07,1.13,1.11
51095,James City County,Virginia,74153,8.9,13,7.6,7135,39189658,30351,302244784,235,0.13,1.89,2.04
51103,Lancaster County,Virginia,10804,12.1,14.5,11.2,641,3573058,4710,42551007,136,0.08,1.1,1.32
51127,New Kent County,Virginia,21103,9.6,13.4,7.5,1218,12269062,4997,53562844,244,0.23,1.96,3.61
51139,Page County,Virginia,23749,13.1,14.2,11.6,1133,5794471,5600,47144484,202,0.12,1.63,1.94
51147,Prince Edward County,Virginia,22956,12.1,12.9,10.1,1214,4665797,9113,86999382,133,0.05,1.07,0.85
51600,Fairfax city,Virginia,23865,9.4,16.7,6.6,3067,17745484,19761,280277680,155,0.06,1.25,1
51630,Fredericksburg city,Virginia,28469,11.2,13.4,9,4522,23399790,24595,299089359,184,0.08,1.48,1.23
51660,Harrisonburg city,Virginia,53391,15.8,15.1,12.7,5398,21487708,31774,321538294,170,0.07,1.37,1.05
51678,Lexington city,Virginia,7110,8.8,11.1,6.6,600,2996534,4424,51514075,136,0.06,1.09,0.92
51790,Staunton city,Virginia,24452,10.1,11.1,9.2,1600,6958047,11223,107213564,143,0.06,1.15,1.02
51820,Waynesboro city,Virginia,21926,11.9,12.7,10.2,1517,6638659,9262,86022762,164,0.08,1.32,1.22
51830,Williamsburg city,Virginia,14788,11.6,12.1,9.8,4738,31440393,12778,145158224,371,0.22,2.99,3.42
53027,Grays Harbor County,Washington,71967,8.9,10,9,2940,19003765,23321,261442189,126,0.07,1.02,1.15
54011,Cabell County,West Virginia,95318,8.7,9.5,7.6,6572,26620424,52422,580094367,125,0.05,1.01,0.72
54019,Fayette County,West Virginia,44126,8.1,8.4,7.8,1953,8735630,10813,102323918,181,0.09,1.46,1.35
54025,Greenbrier County,West Virginia,35347,8.5,9.2,7.6,2983,24398414,13244,124419478,225,0.2,1.82,3.09
54029,Hancock County,West Virginia,29680,7.2,8.2,6.3,1630,9524636,9547,92154987,171,0.1,1.38,1.63
54069,Ohio County,West Virginia,42547,6.4,7.7,5.7,3847,19085774,28290,301214098,136,0.06,1.1,1
55001,Adams County,Wisconsin,20073,7.9,8.5,7,943,5572238,4682,42565494,201,0.13,1.62,2.06
55007,Bayfield County,Wisconsin,14992,9.2,9.9,8.5,1018,5630107,4491,37178005,227,0.15,1.83,2.39
55051,Iron County,Wisconsin,5715,7.3,7.8,7.1,251,1154435,1699,12924796,148,0.09,1.19,1.41
55077,Marquette County,Wisconsin,15207,8.5,9.1,6.9,534,1810147,4095,35338641,130,0.05,1.05,0.81
55085,Oneida County,Wisconsin,35345,6.3,7.7,5.6,2529,13743518,16250,175652747,156,0.08,1.25,1.23
55091,Pepin County,Wisconsin,7262,8,9.3,5.8,332,1151431,2292,21262087,145,0.05,1.17,0.85
55111,Sauk County,Wisconsin,63596,7.3,9,5.3,8636,52555813,37446,383696504,231,0.14,1.86,2.16
55113,Sawyer County,Wisconsin,16370,10.7,12.1,9.3,1216,6623506,7228,66804924,168,0.1,1.36,1.56
55127,Walworth County,Wisconsin,103013,8.5,10.2,6,8389,49809360,42793,412971107,196,0.12,1.58,1.9
56007,Carbon County,Wyoming,15477,16.3,19.3,13.5,1470,9339580,7459,90384234,197,0.1,1.59,1.63
56031,Platte County,Wyoming,8673,14.9,17.9,12,482,2139868,3475,37013064,139,0.06,1.12,0.91
72023,Cabo Rojo Municipio,Puerto Rico,49005,NA,NA,NA,951,2661017,6226,25170778,153,0.11,1.23,1.67
72029,Canï¿½vanas Municipio,Puerto Rico,46108,NA,NA,NA,785,2909521,5028,29606688,156,0.1,1.26,1.55
72051,Dorado Municipio,Puerto Rico,37208,NA,NA,NA,1859,7050638,8748,56260400,213,0.13,1.71,1.98
72065,Hatillo Municipio,Puerto Rico,40390,NA,NA,NA,1181,3037754,8544,40219521,138,0.08,1.11,1.19
02100,Haines Borough,Alaska,2518,18,21.2,17.5,407,2745091,1300,13744411,313,0.2,2.52,3.15
06063,Plumas County,California,18699,6.9,7.9,5.8,1294,8677977,7019,77970299,184,0.11,1.49,1.76
08019,Clear Creek County,Colorado,9379,5.5,7.8,5.6,864,6822090,2952,37218450,293,0.18,2.36,2.89
08065,Lake County,Colorado,7585,11.7,12.4,10.6,419,2773643,2398,26880172,175,0.1,1.41,1.63
08091,Ouray County,Colorado,4722,8.7,10.3,8.4,705,5074498,2070,20859049,341,0.24,2.74,3.84
08093,Park County,Colorado,17392,8.7,10.5,7.7,428,2700641,2628,28186657,163,0.1,1.31,1.51
26051,Gladwin County,Michigan,25289,8,8.5,6.7,577,2301955,4165,38463405,139,0.06,1.12,0.94
26127,Oceana County,Michigan,26417,9.2,9.5,7.2,1038,5605565,7370,65698970,141,0.09,1.14,1.35
37005,Alleghany County,North Carolina,10973,18.3,17.2,14.3,480,2773283,3300,25843320,145,0.11,1.17,1.69
37053,Currituck County,North Carolina,25796,12.8,14.8,9.3,1280,9251319,7841,68708816,163,0.13,1.32,2.12
37173,Swain County,North Carolina,14254,18.3,18.9,16.7,1482,7951441,10451,100207120,142,0.08,1.14,1.25
45029,Colleton County,South Carolina,37568,13.6,12.9,13.3,1444,6345292,10743,94178824,134,0.07,1.08,1.06
48053,Burnet County,Texas,45750,21.3,24.7,16.1,1993,12323036,14824,159071059,134,0.08,1.08,1.22
48315,Marion County,Texas,10083,19,19.8,16.9,346,1187718,1964,16153797,176,0.07,1.42,1.16
51163,Rockbridge County,Virginia,22509,11.9,13.8,9.1,873,4583006,6345,52012600,138,0.09,1.11,1.39
53049,Pacific County,Washington,21281,9.6,10.5,8.2,1164,6290225,6721,65982570,173,0.1,1.4,1.5
72053,Fajardo Municipio,Puerto Rico,32001,NA,NA,NA,1358,5564023,9448,57542536,144,0.1,1.16,1.53
72117,Rincï¿½n Municipio,Puerto Rico,14269,NA,NA,NA,494,1856791,1838,8930176,269,0.21,2.17,3.28
05023,Cleburne County,Arkansas,25230,9.1,9.5,8.4,878,3982775,6452,52197187,136,0.08,1.1,1.2
05137,Stone County,Arkansas,12446,11.9,12,9.3,451,1741195,2628,19709782,172,0.09,1.38,1.39
08007,Archuleta County,Colorado,12908,12.9,14.4,10.8,919,5448830,4383,41890398,210,0.13,1.69,2.05
08053,Hinsdale County,Colorado,878,10.5,11.8,9.7,73,629339,310,2646886,235,0.24,1.9,3.75
08073,Lincoln County,Colorado,5548,9.5,9.8,8.3,306,1773963,2141,24495059,143,0.07,1.15,1.14
08111,San Juan County,Colorado,544,8.6,9.8,9.7,204,1449827,439,3294655,465,0.44,3.75,6.94
12037,Franklin County,Florida,11736,17.7,18.3,15,731,5211925,3292,27201297,222,0.19,1.79,3.02
13011,Banks County,Georgia,18510,19.3,19.2,15.4,1110,4846161,4683,40777596,237,0.12,1.91,1.87
13029,Bryan County,Georgia,35885,12.2,13.7,10.9,1387,5631354,8985,82070325,154,0.07,1.24,1.08
13047,Catoosa County,Georgia,66299,12.7,13.7,11.8,2615,10904315,15498,137753730,169,0.08,1.36,1.25
13123,Gilmer County,Georgia,29922,22.5,22.3,18,1118,5012696,6933,55698071,161,0.09,1.3,1.42
13187,Lumpkin County,Georgia,31951,19.9,20,16.6,1361,5663401,7701,69297235,177,0.08,1.42,1.29
13227,Pickens County,Georgia,30832,17.5,19.7,13.7,1262,6288780,7963,89555428,158,0.07,1.28,1.11
13281,Towns County,Georgia,11417,17.3,17.6,14.8,806,4329527,3420,28568378,236,0.15,1.9,2.39
16043,Fremont County,Idaho,12965,14,13,13.3,487,2814258,3453,30677849,141,0.09,1.14,1.45
17051,Fayette County,Illinois,21724,7.2,8.1,6.9,762,2706231,5478,49682712,139,0.05,1.12,0.86
17083,Jersey County,Illinois,22069,5,6,5.2,778,3135873,5122,43309630,152,0.07,1.22,1.14
18117,Orange County,Indiana,19547,10,10.5,7.1,2393,17720895,7595,65308422,315,0.27,2.54,4.28
20049,Elk County,Kansas,2562,14.1,13.1,14.1,101,462636,606,2871007,167,0.16,1.34,2.54
21157,Marshall County,Kentucky,31166,6.1,6.9,4.7,1744,10124015,11614,143702688,150,0.07,1.21,1.11
21187,Owen County,Kentucky,10741,6.4,6.8,4.7,211,833217,1429,13011747,148,0.06,1.19,1.01
26009,Antrim County,Michigan,23177,8.1,9.2,6.1,1218,7492758,5621,50483592,217,0.15,1.75,2.34
26061,Houghton County,Michigan,36360,6.7,6.6,5.5,1535,5715808,11509,123010335,133,0.05,1.07,0.73
26129,Ogemaw County,Michigan,20928,7.3,7.9,6.1,740,3281768,5883,53389272,126,0.06,1.01,0.97
27001,Aitkin County,Minnesota,15834,6.6,7.5,6.2,599,2469764,4133,37744808,145,0.07,1.17,1.03
27077,Lake of the Woods County,Minnesota,3809,6.4,7.4,5.8,510,2864767,1705,15601746,299,0.18,2.41,2.9
29015,Benton County,Missouri,18989,14.9,13.8,13.7,493,1657108,3517,25941357,140,0.06,1.13,1.01
30061,Mineral County,Montana,4211,10.6,11.2,10.4,193,844254,1247,10057734,155,0.08,1.25,1.32
30097,Sweet Grass County,Montana,3653,9.9,10.8,8.6,234,1144764,1550,19086562,151,0.06,1.22,0.95
30101,Toole County,Montana,4976,13.4,15.4,10.9,295,1481463,1868,19934832,158,0.07,1.27,1.17
30105,Valley County,Montana,7532,12.4,14,11.4,410,1736552,2999,30439225,137,0.06,1.1,0.9
32019,Lyon County,Nevada,53155,13.2,13.9,11.8,1652,8588196,12794,146728702,129,0.06,1.04,0.92
35019,Guadalupe County,New Mexico,4382,8.3,8.2,7.6,334,1415434,1444,11478763,231,0.12,1.86,1.94
37039,Cherokee County,North Carolina,27668,14,13.3,13.1,1124,4921164,8014,67859947,140,0.07,1.13,1.14
37083,Halifax County,North Carolina,51737,13.5,13.7,12.1,2033,7624164,15439,135120482,132,0.06,1.06,0.89
37113,Macon County,North Carolina,34410,15.6,15,11.9,2195,15098632,11496,100067127,191,0.15,1.54,2.38
37115,Madison County,North Carolina,21405,12.6,12,11,550,2609297,4058,34274015,136,0.08,1.09,1.2
39073,Hocking County,Ohio,28495,7,7.4,6.5,1266,5174137,6574,54116226,193,0.1,1.55,1.51
40005,Atoka County,Oklahoma,13874,20.7,20.1,18.8,503,2198941,3296,25123254,153,0.09,1.23,1.38
40091,McIntosh County,Oklahoma,19819,20.7,20,17.4,616,2784192,4271,30906590,144,0.09,1.16,1.42
46015,Brule County,South Dakota,5256,18.1,20.4,12.1,326,1251827,1887,16038249,173,0.08,1.39,1.23
46119,Sully County,South Dakota,1331,12.5,15.6,8.6,153,1117288,776,7303705,197,0.15,1.59,2.41
47029,Cocke County,Tennessee,35336,12.3,11.2,14.1,1337,11447119,7942,72567209,168,0.16,1.36,2.49
47085,Humphreys County,Tennessee,18318,11.2,11.4,11.4,812,4509572,6017,69354459,135,0.07,1.09,1.03
48019,Bandera County,Texas,21763,18.7,21.1,15.6,566,3658784,3343,31567762,169,0.12,1.36,1.83
48105,Crockett County,Texas,3633,22.2,25.1,17.8,223,969422,1458,15894379,153,0.06,1.23,0.96
48109,Culberson County,Texas,2241,26.1,26.9,23.9,192,817175,1221,16762918,157,0.05,1.27,0.77
48149,Fayette County,Texas,25066,20.6,23.6,16.1,1131,5240864,8997,98232881,126,0.05,1.01,0.84
48221,Hood County,Texas,56901,17.5,21.5,14.8,2360,11101345,16906,188427972,140,0.06,1.13,0.93
48223,Hopkins County,Texas,36240,22,22.7,16.9,1675,7503247,12989,129121021,129,0.06,1.04,0.92
48377,Presidio County,Texas,7123,29,28.4,25.8,418,2686507,2153,24040525,194,0.11,1.56,1.76
49033,Rich County,Utah,2350,11.8,11.5,9.6,294,1877733,1027,8337783,286,0.23,2.31,3.55
49055,Wayne County,Utah,2694,15.2,14.3,12.5,375,1967962,1166,9795888,322,0.2,2.59,3.17
51035,Carroll County,Virginia,29738,12.6,12.8,10.6,811,3260889,6185,48237830,131,0.07,1.06,1.07
51157,Rappahannock County,Virginia,7332,14.1,17.3,12.1,291,2238933,1403,13414744,207,0.17,1.67,2.63
51570,Colonial Heights city,Virginia,17593,10.3,11.3,9.5,2343,9619690,10288,86383040,228,0.11,1.84,1.76
51720,Norton city,Virginia,3990,11.4,11.8,9.5,473,1594380,3428,33788461,138,0.05,1.11,0.74
53059,Skamania County,Washington,11620,7.2,8.8,6.1,587,3860481,2226,21749626,264,0.18,2.13,2.8
54041,Lewis County,West Virginia,16276,7.3,7.8,6.4,796,3647799,6222,73478953,128,0.05,1.03,0.78
54055,Mercer County,West Virginia,60486,7.7,8.3,7,2407,10718990,18814,178301182,128,0.06,1.03,0.95
56017,Hot Springs County,Wyoming,4680,13.6,14.9,13.6,264,1259495,1849,18352967,143,0.07,1.15,1.08
56019,Johnson County,Wyoming,8515,15,17.9,13.9,614,3228396,3337,31836651,184,0.1,1.48,1.6
01063,Greene County,Alabama,8426,11.4,9.7,10.6,318,1826876,1776,15045638,179,0.12,1.44,1.92
06043,Mariposa County,California,17540,8,8.9,7,1860,15908630,6005,63370455,310,0.25,2.5,3.96
06105,Trinity County,California,12862,8.7,9,8.3,365,1986187,2867,29648934,127,0.07,1.03,1.06
08047,Gilpin County,Colorado,5924,4.3,6.1,3.9,3773,43513033,4605,54345547,819,0.8,6.6,12.63
08071,Las Animas County,Colorado,14179,12.2,13.3,10.7,634,3298766,5055,49112836,125,0.07,1.01,1.06
08079,Mineral County,Colorado,823,9.9,11.6,8.7,250,2310983,525,4376691,476,0.53,3.84,8.33
13241,Rabun County,Georgia,16457,21.3,20.5,18,1090,6183025,5518,43995174,198,0.14,1.59,2.22
16007,Bear Lake County,Idaho,5962,10.2,10.3,11.8,229,723194,1746,13345266,131,0.05,1.06,0.85
21081,Grant County,Kentucky,24915,6.1,6.6,4.8,877,3535802,4941,46628617,177,0.08,1.43,1.2
29085,Hickory County,Missouri,9368,16.4,14.7,15.2,209,698802,1353,8785750,154,0.08,1.24,1.25
29153,Ozark County,Missouri,9236,16.7,14.5,15.4,273,1277956,1497,8796239,182,0.15,1.47,2.29
30001,Beaverhead County,Montana,9393,11.7,12.2,10.8,583,2374999,3942,36769952,148,0.06,1.19,1.02
30035,Glacier County,Montana,13699,19.9,20.1,21,562,4129175,4433,43659802,127,0.09,1.02,1.49
30059,Meagher County,Montana,1968,11.6,11.5,11.2,154,684399,624,5103428,247,0.13,1.99,2.12
30109,Wibaux County,Montana,1175,11.5,12.9,9.8,52,138310,256,2328453,203,0.06,1.64,0.94
35007,Colfax County,New Mexico,12353,9.1,8.6,8.3,957,6246194,4250,39860380,225,0.16,1.81,2.47
37149,Polk County,North Carolina,20458,14.3,14.7,11.5,829,4587838,5069,41199832,164,0.11,1.32,1.76
46047,Fall River County,South Dakota,6774,11,12,9.7,332,1478808,2448,23495112,136,0.06,1.09,0.99
46085,Lyman County,South Dakota,3869,18.7,19.1,16.6,304,1460489,1401,10823466,217,0.13,1.75,2.13
47027,Clay County,Tennessee,7686,14.6,12.9,17.3,183,892614,1395,9584140,131,0.09,1.06,1.47
47137,Pickett County,Tennessee,5088,12,11.5,12,198,939817,1093,7522444,181,0.12,1.46,1.97
48075,Childress County,Texas,7226,20.4,21.2,18.4,354,1319179,2525,24639363,140,0.05,1.13,0.84
48299,Llano County,Texas,20640,20.7,23.3,17.3,1504,11185399,4903,47634638,307,0.23,2.47,3.7
49025,Kane County,Utah,7350,9.6,10.1,8.9,1441,10137712,3849,33463243,374,0.3,3.02,4.78
51125,Nelson County,Virginia,14812,13.3,14.7,12.2,667,4492441,4005,36443135,167,0.12,1.34,1.94
54093,Tucker County,West Virginia,7027,7.7,8.3,7.5,475,1823870,2578,22128041,184,0.08,1.48,1.3
